PENZNCE,147588,30599
STIVES,151947,40127
CARBISB,152930,38745
STERTH,154150,35730
LELANTS,154430,36640
LELANT,154770,37220
HAYLE,155970,37325
CBORNE,164830,39696
ARISAIG,166400,786700
MLAIG,167560,797060
MORAR,167800,793000
REDRUTH,170040,42009
BEASDAL,170900,785000
KYLELSH,176247,827123
LCHALRT,176900,782600
DUIRNSH,177845,831521
PRYN,177900,34710
PERANWL,178080,39810
PLOCKTN,179450,832950
PENMERE,179835,32360
FALMTHT,181130,32085
DUNCRAG,181207,833239
NEWQUAY,181590,61770
TRURO,181667,44924
FALMTHD,181777,32322
QNTRLDW,184890,60405
OBAN,185795,729888
STRMFRY,186467,834667
GLNFNNN,189870,780970
MLFDHVN,190026,206183
STCLMBR,191100,59560
CONNELF,191470,734050
ATADALE,192456,839125
JHNSTND,193300,210700
STCN,194231,842124
FGDHGWK,194535,238200
FGDHBR,195200,239000
HAVRFDW,196000,215700
PEMBRKD,197040,203550
RCHE,199040,61460
PEMBROK,199160,201130
LCHESDE,199500,778600
ACHHSHL,200290,848440
TAYNULT,200340,731220
LAMPHEY,201400,200400
CLARBRD,201500,220940
STAUSTL,201611,52565
BUGLE,201670,59335
LUXULYN,204805,58070
LCEILOB,205500,778300
STRNRR,206200,561400
MNORBER,207000,199400
PARR,207700,54100
FLSCRHN,207990,726750
CORPACH,209680,776720
FRTWLM,210531,774186
LSTWTHL,210660,59765
BODMNPW,211030,64058
BANAVIE,211300,776700
PNALLY,211820,199080
CLYNDRW,211900,219300
NRBERTH,212050,214710
LOCHAWE,212380,727460
SDRSFOT,212460,206090
KILGETY,212600,207200
TENBY,212940,200600
DLMALLY,215980,727210
ACHNSHN,216403,858519
GIRVAN,219030,598380
WEMYSSB,219360,668550
WHLAND,219900,216500
LARGS,220344,659215
INVERKP,220530,671840
WKILBRD,220870,648430
FAIRLIE,221030,654640
SPEANBD,222120,781430
ARDRSHB,222540,642090
BRRHL,222600,581600
ARDRSTN,223070,642050
IBMM,223470,674320
ARDRSSB,223799,642211
COOMBE,223885,63619
GRLCHHD,224250,691050
GOUROCK,224280,677950
LISKARD,224760,63695
HLYH,224800,382200
CAUSLND,224830,59110
SLCT,224830,641330
SDPLACE,224900,57000
BRNCHTN,225000,675500
STKEYNE,225102,61032
LOOE,225390,53920
FRTMTLD,225600,677530
ACHANLT,226020,861473
DRMFCHR,226800,675500
STVNSTN,226940,641290
ROYBDGE,227250,781030
GRENCKW,227260,676160
GRENCKC,228200,675900
WHINH,228540,675110
MENHENT,228970,61260
VALLEY,229200,379100
CRTSDYK,229500,675500
KILWNNG,229600,643600
HLNSBRC,229700,682400
DALRY,229752,649195
MAYBOLE,229860,610030
HLNSBRU,229920,683300
BOORCHY,230100,739400
BOGSTON,230738,674875
CRGDRN,231000,681300
ARCHRAT,231200,704600
IRVN,231600,638500
ARDLUI,231700,715500
PTGLSGW,232070,674430
GLGN,232190,652740
LCHLCHR,232335,862562
TROON,232560,630880
TYNDRML,232700,730100
RHOSNGR,232800,373800
BARASIE,232900,632900
TYNDRMU,233390,730220
AYRR,234060,621390
NWTOA,234130,623160
WHHL,234210,674090
CDRS,234480,677330
TYCROES,234882,372360
PWCK,234920,626210
PWCKAPT,235013,627024
TULLOCH,235510,780240
CORROUR,235620,766410
STGRMNS,236020,57480
LCHWNCH,236060,657970
FYSD,236600,210400
PWLHELI,237500,335000
CRNLRCH,238460,725100
LGBK,238562,673180
BODORGN,238600,370200
RENTON,238700,678290
BALLOCH,239000,681900
DLREOCH,239120,675710
ALXANDR,239300,679900
HOWOOD,239480,660450
GARVE,239500,861300
DMBRTNC,239800,675600
KIDWELY,240100,206500
ABRE,240400,336100
DMBRTNE,240580,675080
KLMAURS,240816,641088
DNLP,241000,649400
CMTHN,241280,219710
MILKNPK,241400,662000
STEWRTN,241780,646060
RANNOCH,242260,757890
KILMRNK,242717,638224
GUNISLK,242750,70830
PENYCHN,242800,336500
SASH,243120,58720
JOHNSTN,243300,663000
CALSTCK,243428,68775
BISHPTN,243769,670509
BEREALS,244000,67400
BOWLING,244300,673700
STBDXVR,244645,58080
STBDXFR,244685,58010
PMBRYBP,244700,200700
KEYHAM,245160,56715
BEREFRS,245230,63545
DOCKYDP,245398,55850
DEVNPRT,245755,55435
KLPTRCK,246800,672900
PSLYSTJ,247200,664800
PLYMTH,247700,55300
NEILSTN,247900,657080
PSLYCAN,248300,663420
PSLYGST,248304,664230
DALMUIR,248420,671420
CRICCTH,249660,338010
SINGER,249728,670900
CLYBANK,249768,670121
BRHD,249840,659320
HWKHEAD,249890,663600
LLNLLI,250650,199445
YOKER,250870,669180
DRUMRY,250967,670514
HLNGTNW,251650,665080
BEAULY,252005,845807
CROKSTN,252030,663540
GSCD,252182,668590
NITSH,252210,660150
DRMCHPL,252380,670490
LFPW,252600,371600
HLNGTNE,252680,664840
MUROORD,252742,850189
SCTSTNH,252930,668280
MSSPARK,253050,663340
PHLD,253280,660140
CDNL,253570,664630
PATERTN,253675,657725
CKHL,253914,662940
CONONBR,254105,855032
WESTRTN,254130,670430
BSDN,254355,671795
KENISHD,254390,660230
JORDANH,254670,667950
ANSL,254880,668683
BYNEA,254960,199115
ACHILCK,255000,622000
HLFT,255100,672100
THLB,255230,659955
WTCR,255250,657640
HYNDLND,255300,667600
DINGWAL,255323,858608
MLGV,255535,674455
BRNSTPL,255561,132541
PTCK,255630,666490
DAWSHLM,255670,669125
PLKSHWW,255910,661350
DUMBRCK,256010,663666
MRYHILL,256237,669560
TONFNAU,256310,303870
GIFNOCK,256375,659125
LLGNNCH,256400,201200
WMWD,256505,657973
SHWLNDS,256510,661930
PRTHMDG,256630,339190
MAXWLPK,256770,662870
SUMRSTN,256817,669675
PLKSHWE,256835,661410
CRSMYLF,257030,662440
LNDW,257030,328630
PRTHHBR,257120,338410
EXHIBTC,257177,665510
LAMBH,257365,669490
CLRKSTN,257410,657460
LNSD,257420,661000
BANGOR,257500,371600
MUIREND,257562,659695
PLKLHDW,257580,662840
CULRAIN,257680,894770
PSRN,257800,328000
LBDR,257900,326900
ANDRSTN,257960,665300
INVRSHN,257985,895356
PLKLHDE,258040,663200
CHRNGXG,258050,665830
CHAPLTN,258075,126080
HRLC,258100,331400
QUNPARK,258135,662555
DYFRYNA,258170,323330
BUSBY,258220,656430
TYWYN,258260,300700
LAIRG,258265,903922
MTFL,258455,661570
CCRT,258460,660580
ABRYSTH,258500,281600
TALB,258660,321510
GLGCLL,258737,665139
CROSSHL,258750,662310
PNTADLS,258790,204080
GLGC,258794,665257
POSILPK,258850,668640
THAL,258870,655110
LYNGRIL,258920,309720
GLGQHL,259190,665515
ARGYLST,259220,664970
OKHMPTN,259220,94430
GOWERTN,259240,196400
GLGQLL,259241,665531
KGPK,259345,660760
ASFIELD,259427,668485
LNAB,259870,318010
GLGHST,259890,665200
MINFORD,259940,338560
MINFFR,259990,338530
ARDGAY,260030,890446
TYGWYN,260260,334950
CFFT,260480,660580
SPRNGBN,260570,667670
ABDVY,260600,296000
BRIDGTN,260732,663992
HARMYRS,260800,654300
BLGRVE,260865,664850
BORTH,260900,290100
UMBRLGH,260950,123800
BSHB,261000,670100
TLSRNAU,261000,336100
BNHL,261025,667160
BRMOUTH,261200,315900
DLMRNOK,261230,663210
PRHN,261320,338820
RTHGLEN,261540,661920
DUKEST,261580,665020
FRBN,261600,312900
ALXPD,261747,665542
NWCMNCK,261780,614260
LNDC,261800,337900
LLDYBIE,262000,215500
BRSDE,262100,660380
PENHELG,262100,296150
PNTYFYN,262300,210800
AMMANFD,262400,212700
SAMPCRT,262670,98535
MFAM,262800,314100
FFAIRFC,262900,221200
PRTSMTA,263100,119320
EKILBRD,263310,654670
LLDEILO,263350,222620
DALWHIN,263420,784900
CNTY,263725,664555
CMBSLNG,263950,660620
KRKH,264300,659975
IVYBDGE,264745,56570
SHTLSTN,264880,664370
CARMYLE,264930,662230
TANY,264965,341560
LENZIE,265500,671900
SWANSEA,265700,193600
ALNESS,266000,869400
STEPPS,266210,668405
KNYMPTN,266212,116910
NWTL,266450,660450
MNTVRNN,266485,662835
IVRNESS,266788,845473
GARROWH,266800,664500
BALISTN,267750,663275
LANFRFC,267800,375200
ESHS,268210,664960
EGGESFD,268230,111480
BLANTYR,269265,657975
UDNGSTN,269370,660890
DOVYJN,269690,298020
LLNSMLT,269740,197540
LLGADOG,269960,228550
BLAENAU,269984,345894
GRTCSH,270029,667790
BRGDDIE,270270,663955
IVRGRD,270443,868656
HAMLTNW,271220,655860
ROMANBG,271270,351410
LLWRDA,271500,231000
NWTM,271580,798450
PNMNMWR,271821,376557
KRKWOOD,271870,664230
HAMLTNC,272200,655200
BLAIRHL,272230,665585
SKEWEN,272380,197460
ROGART,272500,901980
LAPFORD,272655,107950
COATBDC,272930,665125
CROY,272980,675500
COATBDS,273170,665600
BLSHL,273245,660055
KRKC,273500,612300
WHIFLET,273730,664120
DLWYDLN,273740,352190
BRITFRY,274200,194800
CHTLRT,274320,654250
MCHYNLT,274480,301320
COATDYK,274620,665280
BGLAN,274700,192300
MOCHARD,275000,105100
AIRBLES,275034,656191
MOTHRWL,275054,657175
NEATH,275100,197500
PNYPANT,275280,353610
GRNFLDS,275591,673147
KGUSSIE,275700,800400
MRRYTON,275925,652365
AIRDRIE,276000,665200
LARKHAL,276065,651235
LLDVERY,276320,234520
HOLYTWN,276400,659500
CMBRNLD,276410,673880
COPLSTN,276700,103120
PTALBOT,276700,189600
SHILDMR,277350,655530
CARFIN,277490,658850
DEGANWY,277900,379100
CONWY,278049,377466
DUNANE,278110,700990
SANQHAR,278130,610150
DRMGLCH,278140,665515
TAIN,278185,882385
DOLGARG,278309,367024
YEOFORD,278325,98905
LUDO,278400,382000
BGOALAN,278530,697720
TALYCFN,278720,371690
WISHAW,279250,654870
LANDUDJ,279488,377857
BETSYCD,279500,356500
NLANRST,279520,362260
STIRLNG,279757,693585
LNRWST,280063,361693
TOTNES,280170,60920
GLNCNWY,280200,376000
CYNGHRD,280220,240677
CLELAND,280365,658470
FEARN,281518,878244
CLDRCRX,282030,667700
PYLE,282297,182125
GOLSPIE,282550,899750
CRLK,283990,650200
CREDITN,284005,99485
SGRLOAF,284500,244000
HRTW,284830,659110
DNROBIN,284860,901250
CBAY,285100,379100
MAESTGW,285520,191420
MAESTER,285900,190900
LARBERT,286000,682600
KINBRAC,286190,931600
GRTHMG,286400,189900
NABT,286752,71200
CAMELON,286760,680730
BLARATH,287000,765300
SHTT,287420,659840
NSTCYRE,288040,98910
NAIRN,288160,856010
FALKRKH,288300,679100
LLWRTYW,288310,246410
LANARK,288575,643660
FALKRKG,288780,680290
ALLOA,288800,693115
PAIGNTN,288960,60600
FORSNRD,289100,942500
TONDU,289460,184370
AVIEMRE,289566,812339
SARN,289830,183400
CARRBDG,289878,822465
KILDONN,290150,921740
TORRE,290360,64850
WLDMILL,290500,181400
TORQUAY,290555,63505
BLKRDGE,290582,667064
BRORA,290657,904141
BRGEND,290769,179848
EXETRSD,291175,93320
EXETRST,291461,91965
EXETERC,291875,92995
FAULDHS,292380,660140
STJAMSP,292682,93498
GLNEGLS,292900,710500
POLMONT,293100,678190
LLGMMRW,293630,247360
PTLCHRY,293830,758100
TREHRBT,293860,198170
ARMDALE,294050,667140
POLSBDG,294097,93483
TEINMTH,294200,73100
ABGLELE,294612,378681
YNYSWEN,294860,197340
CRSTRS,295213,645437
GARTH,295380,249430
BREICH,295600,660600
TREORCY,295940,196490
PENCOED,296000,181700
DIGBY,296062,91520
NWCOURT,296097,90524
DAWLISH,296400,76700
PINHOE,296413,94160
TOPSHAM,296646,88419
STBEES,297035,511965
LLNWTMR,297050,168900
TONPNTR,297270,195380
WHITHVN,297460,518690
DUMFRES,297660,576520
STRCROS,297700,81900
CRCK,297740,517420
BTHGATE,297790,668324
PARTON,297900,520610
DAWLSHW,297930,78660
EXTON,298043,86399
LYMPSTC,298260,85720
NETHRTN,298585,507910
YTRHOND,298610,194890
LYMPSTN,298925,84156
HNGT,298995,525385
ADIEWEL,299500,662300
LLWYNYP,299500,193800
WKNT,299526,528892
TNYPNDY,299790,192210
CBRK,299891,95461
EXMOUTH,300002,81170
BRYSTNS,300100,505978
LLHARAN,300170,183060
ALTNBRC,300340,945680
ABDARE,300400,202800
CILMERY,300440,251250
LNLTHGW,300510,677090
DINASR,300570,191980
RHYL,300900,381200
WCALDER,302000,663400
FLIMBY,302070,533800
SELAFLD,302080,503400
HELMSDL,302380,915475
CMBH,302400,201300
BUILTHR,302500,253300
PORH,302660,191350
CARSWS,302890,291880
FORRES,302950,858920
DUNKELD,303080,741680
PONYCLN,303460,181459
LVNSTNN,303537,668663
FERNHIL,303600,199560
SEASCAL,303715,501060
MPRT,303840,536170
TREHAFD,304470,191050
TIVIPW,304520,113960
WHIMPLE,304590,97368
MASH,304940,198960
MERTHYR,305010,206000
LLDODW,305930,261360
PNTRBCH,306000,203800
PNRHCBR,306050,197670
LVNSTNS,306140,665300
RHOOSE,306200,166200
UPHALL,306220,670570
DRIGG,306340,498900
PSTA,306400,383100
TRDYRHW,307050,202380
PTYPRID,307190,189800
MERTHRV,307700,199500
ABRCYNS,308278,194824
TREFRST,308300,188900
RGLS,308540,496490
QUAKRSY,308600,196600
BOOTLE,309370,489305
FENITON,309485,99355
SCSCLDR,309600,956020
DNFRMLE,309668,687102
PYBONT,309900,264800
KRKNWTN,310500,667100
TRFRSTE,310670,186280
BARRY,310700,167200
NWTP,311100,291300
RHYMNEY,311110,207470
ROSYTH,311186,684546
PERTH,311220,723133
THURSO,311300,967920
BARRYIS,311500,166700
DNFRMQM,311630,688440
PNTLTYN,311800,206100
BARRYDK,312400,167800
TAFFSWL,312510,183190
IVRKTHG,313100,683300
SILCRFT,313100,481960
NQNSFRY,313150,680830
CADOXTN,313240,168880
RADYR,313475,180450
LCKRBIE,313780,581800
DLMY,313900,677900
DOLAU,313920,267110
TIRPHIL,314000,203200
YSTRADM,314200,194300
ASPTRIA,314390,541260
FRWATER,314440,177940
DANESCT,314447,178674
CORYTON,314630,180888
LLBRDCH,314700,190100
WAUNGRN,314720,177300
LLANDAF,314830,179550
ABER,314870,186950
DALGETY,314890,684090
ERGNCHP,314957,187866
PENGAM,315030,197570
BARGOED,315100,200000
BRITHDR,315200,202000
WHCH,315225,180913
GLFCHFR,315300,199100
DINASP,315400,171000
HENGOED,315400,195000
GRGMASJ,315500,959300
CRPHLY,315650,186560
RHIWBNA,315870,180950
EASTBRK,316260,171650
BSPSLYD,316388,129039
HONITON,316460,100340
CWDNBTH,316570,691850
NINIANP,316640,175980
BCHGRV,316711,180978
TYGLAS,317080,180970
EBWVTN,317128,209353
MLLM,317200,480200
LLBSTRD,317420,271620
GNTN,317455,174965
COGAN,317460,172560
EBWVPWY,317539,207172
EDINGWY,317632,672775
CURRIEH,317640,668280
LTHH,317880,183520
DGLROAD,318040,171890
HEATHLL,318080,180300
LLISHEN,318110,182200
HEATHHL,318111,180385
CRDFCEN,318194,175889
CATHAYS,318260,177320
EDINPRK,318390,671270
PENARTH,318460,171420
LCHGLLY,318500,694400
CARDFQS,318838,176539
STHGYLE,318920,672240
GREENRD,318930,483920
CARDFBR,319074,174883
ABDO,319100,685400
ANNAN,319300,566200
WHAILES,319820,669770
BAROW,319955,469932
FOXFILD,320880,485460
LLGUNLO,320990,273030
KNGW,321040,670248
NBRWGE,321053,196956
WKIRBY,321340,386910
ASKAM,321500,477688
LLHLETH,321645,200783
CDND,321700,695000
HOYLAKE,321700,388800
ELGIN,321823,862199
ROOSE,322010,469470
CRSKEYS,322132,191943
MNRD,322200,389300
SLATEFD,322400,671100
KRKBYIF,322700,482540
TAUNTON,322755,125460
WELSHPL,322995,307251
DALTON,323100,473800
BISLND,323300,685600
MELS,323350,389800
HAYMRKT,324000,673200
RISCA,324458,190233
FLINT,324500,373100
WIGTON,325300,548875
KNUCKLS,325400,274100
EDINBUR,325900,673900
MOTO,326074,390621
ROGRSTN,326214,189069
KGHN,327000,686900
LEASOWE,327000,390700
KCLD,327524,691647
UPTON,327990,388286
BDSTON,328400,390800
ULVRSTN,328460,477870
CHIRK,328470,337830
HESWALL,328590,381960
WALAGRD,329020,392890
WALASYV,329050,392320
KNIGHTN,329100,272400
FRSHFLD,329110,408250
GLNRTHS,329110,697220
FORMBY,329150,406850
NESTON,329235,377737
AXMNSTR,329260,98225
BCKY,329500,363400
PNYF,329540,361180
BRKNHDN,329790,390256
CWMBRAN,329800,195800
MKIN,329940,701510
PONTYPL,330000,200400
HITN,330020,403680
RUABON,330070,343820
GOBOWEN,330320,333400
HALLRD,330468,400600
NBTN,330480,393914
ABRGVNY,330500,213600
LADYBNK,330600,709600
BLCKPB,330665,432919
HOPC,330700,358300
SHOTTON,330750,368890
NWPTRTG,330780,188245
BRDGWTR,330790,136975
SHOTTHL,330800,369000
SQUIRES,330883,431734
CAERGWL,330950,357240
BRKNHDP,331004,389456
BLCKS,331008,434110
BLCKPLN,331024,436693
CEFNYBD,331060,356230
BLNDLAC,331100,399500
AINSDAL,331101,412224
HAWARDN,331130,365860
HAWDNBG,331140,369500
BRUSTAN,331330,672710
GWRSYLT,331900,353300
NCRAGHA,331947,671655
GRETGRN,331960,567905
WLOO,332030,398070
BRKNCPK,332090,388990
HGHBRDG,332200,147000
BRKNHDC,332205,388427
STAS,332241,429010
LAYTON,332315,438160
HILLSID,332320,414440
ESKBANK,332343,665936
WSMARE,332420,161030
GNLN,332490,387860
SHWFAIR,332682,670176
HAMTSQ,332690,389130
ROCKFRY,332845,386675
WREXHMG,332900,350800
BKDLE,333018,415759
MSELBGH,333050,671690
WREXHMC,333121,350347
NWTGRNG,333175,664275
BEBNGTN,333300,385000
SFRTHAL,333338,397085
PSLT,333660,384060
SOUTHPT,333832,417135
SPITAL,333920,383020
BOOTLOR,333964,394890
BOOTLNS,334040,395642
JAMESST,334150,390230
BRMBRK,334200,381900
SANDH,334220,393030
MORFLDS,334340,390650
MORFNL,334341,390650
BRMB,334359,381001
WMILTON,334465,161465
BNKHALL,334496,393867
GOREBRG,334560,661279
ANSDELL,334601,427689
ESTHRAK,334721,379404
KRKDALE,334926,394240
PLTNLFY,334926,439587
INVGWRE,334930,729870
SPFD,334960,711890
HOOTON,334980,378250
LVRPLCH,335000,390200
LVRPLCL,335001,390200
LVRPLSH,335100,390500
LVRPLSL,335100,390600
BNWK,335173,387821
BKNELL,335577,273680
MEOLSCP,335592,417083
WALTONM,335970,395930
WICK,336065,950885
ORELPKH,336140,396560
RICELA,336200,396100
LYTHAM,336510,427420
CARK,336520,476235
DALSTON,336600,550600
AINTREE,336625,397890
WALLYFD,336700,672380
STMCHLS,336710,386950
WORLE,336760,162500
OLDROAN,336990,399330
EDGH,337170,389950
LTLSUTN,337210,376920
CPNHRST,337240,374100
CUPAR,337700,714300
FAZKRLY,337916,397336
MSSD,337940,430260
HOPTONH,338030,277435
MAGHULL,338360,401490
AIGBURT,338400,385700
OPOL,338490,376740
WVRTTEC,338741,390216
MSLH,339200,387300
PPAN,339230,673770
CRSNGTN,339400,385040
BESCRLA,339605,414535
KTBK,339700,475630
WALERTN,339750,386190
BROOME,339900,280900
TOWNGRN,340160,405510
KKBY,340190,399210
CARLILE,340240,555500
DUNDETB,340242,729793
HEYMST,340290,460070
ELSMPRT,340330,376510
BACHE,340545,368340
BROADGR,340699,390337
AGHTNPH,340790,406775
LVRPSPY,340920,384909
ALERTN,340921,384909
GOVS,341200,478150
CHST,341335,366985
WMER,341420,498610
ORMSKRK,341740,408435
KIRKHAM,341925,432650
YATTON,342500,166100
NEWLANE,342690,413140
KEITH,343000,851600
HUNTSX,343139,385212
CRAVENA,343175,283060
ROBY,343200,390700
MORCAME,343210,464170
STNLWAT,343950,376040
HUYTON,344060,390650
BRSCGHB,344457,412406
BRSCGHJ,344465,411545
LNGNDRY,344660,676300
HALW,344856,385611
LEUCHRS,344900,720670
CRKRN,345320,108515
BARELA,345439,464613
CSTR,345585,293588
INEL,345650,375825
STOW,345662,644668
ARNSIDE,346070,478870
SEVTNLJ,346200,187600
SALWICK,346260,432000
BRFRY,346300,730900
RUFDORD,346680,415630
WETHERL,346740,554660
HOSCAR,346860,411545
STAVELY,346905,498090
PRESCOT,346990,392160
WHISTON,347160,391080
LANCSTR,347230,461720
CDCOT,347400,187600
SDAL,347620,475200
RNFD,347750,402560
NAILSEA,347900,169200
ECPK,348270,392950
BALMOSS,348417,731698
HOUGHGR,348530,386450
HELSBY,348670,375635
CROT,348710,419290
PARBOLD,349080,410740
RHIL,349160,391420
GALASLS,349278,636380
SHRWBY,349445,312960
THHT,349650,393580
CRNF,349700,470700
MONIFTH,349700,732300
LEOMNST,350210,258860
BNSD,350270,495765
YORTON,350454,323744
ARMTHWT,350475,546340
RUNCORN,350874,382676
UPHOLND,350950,403780
DREMJ,351080,679410
PNTH,351145,529900
MLDSWTH,351220,370780
WIDNES,351300,387100
LUDLOW,351335,275045
HEREFRD,351543,240546
AVONMTH,351544,178168
STHLNSC,351600,395400
WEMM,351750,329010
SADWRD,351776,179546
FRDSHM,351870,377895
LEGR,351924,392469
KENDAL,352000,493200
TWDBANK,352246,634943
APLYBDG,352475,409360
SHAMPTN,352929,176374
ORRELL,353111,403973
OXENHLM,353125,490165
PRST,353409,429177
HNTL,353537,839618
STHLNSJ,353574,393222
CHEPSTW,353600,193700
PREES,353705,333763
SVRNBCH,354033,184781
GATHRST,354100,407200
BRRYLNK,354200,733700
NBERWCK,354590,685150
LEYLAND,354730,422710
LSTH,354735,425535
LAZKRKO,354835,539725
SEMILLS,354961,175871
WCHR,354985,341400
BRMPTNC,355055,559972
GARW,355500,399300
DELAMER,355600,370400
PBRT,355662,403959
EUXT,355688,418431
RUNCRNE,355760,381390
GOLFSTR,355800,734200
CHORBUK,356441,419855
BMBRBDG,356500,425810
CNST,356600,734500
PILNING,356620,184380
SANKEY,356840,388600
YOVILPM,357000,116300
YOVILJN,357050,114100
BRYN,357165,400547
LWBY,357320,533460
CLFDOWN,357600,174130
ERLSTWN,357750,395120
PARSNST,357849,170655
WIGANNW,358133,405411
WIGANWL,358140,405540
REDLAND,358480,174550
CHORLEY,358666,417520
BDMNSTR,358800,171400
MONPELR,359205,174540
NWTNLW,359350,395320
THFORD,359390,112505
INCE,359570,404870
BRSTLTM,359700,172400
YTMNSTR,359745,110855
CHETNOL,359778,107585
ACBG,359870,374560
MDNNWTN,359950,97980
WRGTNBQ,360033,387854
CUDNGTN,360100,371600
WRENBRY,360120,347065
ADNL,360200,413135
WRGT,360650,388495
STPLTNR,360765,174434
LAWRNCH,360881,173377
FILTNEW,361060,178595
PATCHWY,361060,180930
WENNGTN,361700,469920
HINDLEY,361960,405220
BLRD,362400,410700
BRSTPWY,362474,179570
INSCH,362950,827610
PADGATE,363080,390030
HARTFD,363150,371780
LYDNEY,363420,201845
CCARY,363490,133520
ARBROTH,363900,741000
SHERBRN,364050,116190
PLSNGTN,364200,426200
HORWICH,364365,409192
GBNK,364450,372850
WELNGTN,365150,311640
BIRCHWD,365180,390785
NANTWCH,365320,351940
WSTHOTN,365402,406688
KEYNSHM,365631,168890
CHTR,365900,426400
DAISYH,365910,404880
BNTHAM,366715,468970
NTHWICH,366950,373943
MLHL,367000,426680
WNSFD,367050,366050
UPWEY,367140,83280
HAGFOLD,367300,404247
LOSTCKP,367367,408594
WEYMTH,367960,79610
DUNBAR,368080,678490
ATHERTN,368347,403716
BLKB,368500,427900
RMSWILP,368590,431600
APBY,368640,520680
BRUTON,368800,134800
DRCHW,368850,90240
LSTG,369070,374620
DRCHS,369223,90053
DARWEN,369400,422500
GLAZBRK,369555,392495
OAKNGTS,369670,310730
YATE,370100,182500
TELFRDC,370285,309359
HLTWHST,370420,563790
LGHO,370550,434375
TMPCMB,370785,122540
LDBURY,370890,238625
CREWE,371100,354800
MONTRSE,371200,758000
IRLAM,371315,393146
LRNCKRK,371670,771750
BOLTON,371900,408700
PLUMLEY,372112,375381
RISHTON,372400,429800
ENTWISL,372700,417800
HITW,372757,411285
BRMCRSS,372914,413133
WHALLEY,372960,436495
CLPM,373265,467800
MSGT,373520,406670
OLDFLDP,373614,164533
SBCH,373780,361520
WALKDEN,373820,402640
CLITHRO,374170,441990
CHOS,374300,428310
FRNW,374400,406000
FLIXTON,374575,394184
SHIFNAL,374950,307660
KEARSLY,375240,405343
BATHSPA,375248,164353
DURSLEY,375290,202160
KNUTSFD,375320,378380
CLWALL,375635,242450
CHASNRD,375640,394440
ACRNGTN,375730,428575
KSTP,376200,506670
PTRCRFT,376325,398733
DENT,376425,487480
RIBLHED,376560,478960
URMSTON,376600,394670
HCHP,376640,366930
MRSD,376770,402235
HALE,376990,386930
ALTRNHM,377026,387931
HUNCOAT,377190,430660
NAVGTNR,377261,388782
ASHLEY,377370,384370
INVURIE,377580,821800
SWNT,377720,402070
MOBERLY,377875,381410
ECCLES,377900,398790
BRDNML,377918,564486
MORETON,377960,89090
MLVRNLK,378223,247510
GOOSTRY,378300,369550
GTMLVRN,378300,245700
HMPHRYP,378346,395102
FROME,378450,147610
GARSDLE,378870,491810
FRESHFD,379130,160370
HAPTON,379215,431745
CLTN,379230,402915
TRFDPK,379470,395385
COSFORD,379780,305275
ALSAGER,380070,355130
GGLSWCK,380275,462915
HTNRIBL,380370,472660
AVNCLFF,380500,160100
MNCRUFG,380800,396200
STNHSE,380800,205280
GLHM,380980,126110
CHELFD,381385,374850
ROSG,381465,432245
SETTLE,381726,463478
SLFDCT,381800,398910
ALBRGHT,381900,304500
MNCRIAP,381932,385387
BRDFDOA,382522,160678
BURNLYB,383095,432760
SLFDORD,383186,398515
LPRESTN,383350,457900
MNCRDGT,383434,397524
GLOSTER,383675,218580
BURNMR,383700,432100
KIDSGRV,383700,354400
KDRMNST,383866,276299
BURNLYC,383960,433050
MNCRVIC,384000,399000
MNCROXR,384035,397505
STYAL,384090,383520
HYDB,384250,564535
ALDEDGE,384317,378563
HLDG,384350,385865
WOOL,384450,86910
BRIERFL,384530,436438
GATLEY,384720,388477
MNCRPIC,384772,397873
STRUD,384950,205125
WORCSFS,384950,255235
WLMSL,385023,381127
HBRY,385030,270735
TRWBRDG,385160,157880
HELIFLD,385166,457229
EDIDBRY,385340,390300
DILTONM,385585,150000
LNGP,385585,349423
BAGE,385764,391618
WORCSSH,385783,255186
HNDFRTH,385875,383310
ARDWICK,385900,397200
NLSN,386030,437660
MLDTHRD,386195,392940
WSTBRYW,386200,152000
SHVN,386400,786200
CODSALL,386440,303300
ASHBRYS,387191,397229
CONGLTN,387220,362320
NTNB,387270,329930
LVHM,387300,394172
BILBROK,387500,302900
CHDH,387570,386580
WRMNSTR,387750,145300
STOKEOT,387953,345645
BLAKEDN,388065,278725
BLLVUE,388113,396196
COLNE,388135,439850
HTCP,388200,392100
CSTL,388300,410600
DYCE,388480,812780
RYDRBRW,388604,395550
WEDGWD,388620,339310
MLSHILL,388734,406089
MSTN,388759,402986
BARLSTN,388800,338400
GORTON,389064,396939
BMHL,389210,384872
STKP,389260,389870
DRTWCHS,389290,263350
REDISHS,389550,393250
STONE,389670,334555
REDISHN,389720,394750
DAVNPRT,389925,388240
RCHDALE,389940,412650
MELKSHM,390040,164540
HAGLEY,390140,280510
PSBY,390400,377390
FRFD,390421,397183
STRBDGT,390460,284190
WMOR,390647,387746
LNTN,390900,343633
STRBDG1,390998,283295
STRBDGJ,391000,283300
BRNGTN,391120,392823
POYNTON,391150,383730
ADLC,391200,380300
DNTON,391355,395576
STAFFRD,391870,322933
WARHAM,391956,88144
MACLSFD,391960,373600
HAZL,391980,386750
WVRMPTN,392000,298900
PNKRDG,392040,313990
CHIPNHM,392080,173730
LYEE,392220,284670
PLTH,392420,796710
GIDB,392550,397550
SMBG,392592,415198
ASHCHRC,392630,233390
BREDBRY,392755,391823
GRGRAVE,393200,453600
WDEN,393200,422207
CHLTNHM,393242,222099
TODMRDN,393520,424160
ASHONUL,393840,399400
LITLBRO,393840,416280
WOODLEY,393900,392500
CRADLYH,393950,285750
HEXHAM,394030,564320
ABRDEEN,394127,805872
ROMILEY,394160,390804
COSELEY,394280,294140
HYDEN,394424,396454
HYDEC,394436,395017
MDWD,394550,384790
TISBURY,394560,129060
HOLTONH,394600,90200
FLWRYFD,394716,396126
ROHL,395009,388824
PERSHOR,395200,248030
BLYBDGE,395600,341200
NWTH,395639,395516
TIPTON,395640,292510
SBYD,395934,398653
OLHL,396280,285890
MARPLE,396290,389320
GODLY,396460,394995
DUDLPT,396740,291865
BRMSGRV,396870,269355
DISLEY,397270,384590
MOSSLEY,397360,402034
HATRSLY,397420,394280
STRINES,397841,386465
ROWLEYR,398000,286600
SKPT,398400,451400
KEMBLE,398519,197581
CNCK,398600,309830
LNDYW,398695,306535
HMWTHY,398730,91730
BLOXN,398900,303075
CRBG,398920,563515
BRBM,399000,393800
GFLD,399180,404690
CONONLY,399305,446825
SNDWDUD,399310,290085
BLOXWCH,399320,302270
BRWCKUT,399410,653445
HBDNBDG,399500,426800
NWMILSN,399530,384750
NWMILSC,399720,385330
LGRN,399760,288440
SHPE,399888,538705
HDNS,399977,312494
BGRN,400610,273670
BSCTSTA,400700,296140
FURNESV,400840,383540
WHALYBG,401120,381480
WALSALL,401130,298510
POOLE,401274,91089
MYTHLMR,401323,425845
LONB,401370,277600
GALTILL,401420,289320
GALTINT,401421,289320
TAMEBDG,401710,295010
RIDNGML,401920,561565
DNTG,402070,394730
SMTHKRS,402090,288720
ALVCHRC,402300,272000
FROSTLY,402390,536890
HADFILD,402400,396000
NRTF,402420,278910
HNDSHWT,402540,289720
GLSP,403480,394190
EVESHAM,403706,244452
STEETON,403730,444875
PSTONE,403770,91485
CHNLY,403830,382600
RDIT,403830,267580
RUGLTWN,404360,317420
UNVRSYB,404400,283700
SELYOAK,404460,282670
MRSN,404680,411849
KNORTON,404700,279590
RUGL,404830,319120
HAMSTED,404915,292580
BOURNVL,405100,281000
STCKSFL,405430,561380
CHEF,405510,379480
BRANKSM,405760,91930
BUXTON,405910,373750
BHAMJEW,405990,287950
FIVEWYS,406010,285910
SWRBBDG,406235,423495
KEIGHLY,406565,441310
PRYBR,406750,290960
BHAMNWS,406875,286659
BHAMSNH,406950,287275
BHAMMRS,407400,286800
DVHL,407445,378125
WOLSHAM,407600,536820
SLTHWTE,407930,414150
WITTON,407940,290505
BRDS,408400,286000
PRUDHOE,408750,563475
ASTON,408790,289600
DUDESTN,408830,287835
WYTH,409250,275775
ELWD,409550,274290
SMLHTH,409650,285100
BOMO,409660,91970
UTOXETR,409700,333270
HLFX,409760,424960
ADERLYP,409880,287250
YRDLYWD,410000,280400
GRAVLYH,410100,290800
WHLE,410200,277100
CFLATTS,410300,440260
HLGN,410590,282115
BLKST,410600,300800
SHIRLEY,410630,278390
SHNS,410640,304635
THELAKS,410675,273465
WDND,410710,271745
BNGY,410800,439165
ERDNGTN,410985,292280
TYSL,411030,284030
BTLRSLA,411070,299420
SPRD,411150,282840
CHSRD,411460,293100
HONYBRN,411485,244820
WYGN,411530,294220
FOUROKS,411750,298010
ILKLEY,411785,447640
LCHC,411900,309175
SUTCO,411970,296360
WYLAM,412000,564500
EDALE,412300,385360
DANZEY,412305,269650
ACOCKSG,412400,283500
POKSDWN,412440,92400
STECHFD,412930,287450
LKWD,413270,415375
BNRHYDN,413400,447750
OLTON,413400,282300
LCHTTVH,413600,309930
LCHTTVL,413601,309930
SLSBRY,413662,130153
BERRYB,413761,413853
SAIR,413885,438047
HDRSFLD,414330,416910
SOLIHUL,414490,279620
HONLEY,414590,412430
LEAHALL,414630,286990
BRHOUSE,414660,422440
WOTONWN,414790,263215
HENLYIA,414830,265950
SDON,414964,185199
SHPY,415005,437445
CHRISTC,415300,93200
FRZNGHL,415305,436035
BKHLS,415340,411180
WDNYMNR,415450,277570
PEWSEY,416070,160370
BURLYIW,416300,445805
BAILDON,416305,439360
LOWMOOR,416359,428201
BRADFS,416370,433430
DEIGHTN,416490,419140
BRADIN,416594,432780
MRSTNGR,416700,285500
WILMCOT,416764,258338
DORIDGE,416920,274920
BEARLEY,417149,260721
MENSTON,417480,444050
WTRORTN,417530,291220
HOPD,418080,383280
STKSMR,418415,410870
SOAVPWY,418490,256540
BLAYDON,418500,563500
AIRP,418566,571308
CHHL,418630,627040
BHAMINT,418728,283685
LAPWRTH,418785,271610
GUISELY,418830,442230
APERLYB,419454,438429
SOAV,419490,255150
SPLY,419630,410280
COLESHL,419900,291000
HINTONA,420263,94821
MRPTHRP,420290,585385
MIRFILD,420410,419480
HMPTNIA,420500,281270
MINMARS,420670,232690
BAMFORD,420800,382500
CLAVRDN,420800,264370
BSAUKLD,420890,529170
BSAUWEA,420891,529170
NPUD,421120,434290
TMWTHLL,421315,304460
TMWTHHL,421316,304460
TUTBURY,421490,329675
GTSHDMC,421510,562730
WILNECT,421785,301485
ACKLNGT,422200,601500
DNDL,422400,408500
HATTON,422400,266400
PEGSWD,422760,587150
RTHP,422850,419950
DNSN,423025,561770
ALNMOTH,423115,611040
HATHRSG,423295,381040
SHDN,423560,525730
BRMLYSR,423990,434400
BURTNOT,424200,323200
NMILTON,424234,95184
DWBY,424325,421805
BKSWELL,424400,277600
HSFT,424425,439115
WDRNGTN,424485,594190
NWCSTLE,424600,563820
KRKSLFR,424949,436449
BATLEY,424985,423790
GRNDLFD,425000,378800
PENISTN,425105,403275
MANORS,425400,564310
KINGHAM,425637,222699
DEAN,425695,127075
CRMLNGT,425720,577110
PWTH,426460,303190
WARWPWY,426560,265400
NWTA,426600,524360
GRATELY,426610,141270
HEDNGLY,426815,435820
DRHM,427000,542800
MRLY,427070,428250
HGHNGTN,427120,522500
CLST,427190,551170
COTNGLY,427274,430242
TILEH,427530,277530
SWAY,427590,98420
WEETON,427600,447530
BRLEYPK,427900,435165
BEDYN,428020,164586
SPTN,428143,218642
HEWORTH,428550,561970
WARWICK,428620,265460
NTRD,428960,515750
SKSCMN,429030,404340
DLTN,429400,514000
WLNTNON,429500,328550
MATLOCK,429605,360230
MATLCKB,429760,358445
LEEDS,429870,433352
ASCTUWD,430114,218841
BKNHRST,430140,102008
CROMFD,430275,357400
ATHRSTN,430400,298000
HAGT,430413,455336
PANNAL,430710,451460
CANLEY,430880,278010
DRTN,431100,410300
DODWRTH,431130,405400
HRNBPK,431130,453860
LMNGTNS,431735,265251
MOTFONT,431855,126160
DORE,432380,381300
OUTWOOD,432410,424430
WKFLDWG,432718,420848
LMTNTWN,432741,95804
STARBCK,432800,456000
COVNTRY,433200,278200
LMTNPIR,433287,95517
WATSTND,433315,354125
LYNDHRD,433392,110147
WKFLDKG,433880,420365
HUNGRFD,434014,168545
SABR,434365,418635
COVAREN,434479,283428
BRWHINS,434590,562900
DINSDAL,434600,513400
DUFIELD,434604,343575
BNSLY,434735,406535
KNRSBGH,434805,457130
BELPER,434808,347510
AMBERGT,434900,351600
BLIEURD,434957,106287
CHBURY,435230,219440
DRONFLD,435500,378400
CHPLTWN,435533,396309
PEARTRE,435535,333413
ANDOVER,435565,145938
ROMSEY,435669,121581
SHEFFLD,435880,386953
BERMPRK,435927,289412
DRBY,436182,335593
CSGT,436215,434430
BEDWRTH,436270,286952
NLRTN,436430,493200
NNTN,436470,292190
TOTTON,436480,113285
FINSTCK,436647,217265
WDLESFD,436830,429080
EBOLDON,437230,561460
TSDARPR,437300,513800
REDBDGE,437340,113520
ELSC,438080,400370
NORMNTN,438165,422830
KNTBRY,438635,167200
CHFD,438800,371400
WOMBWEL,438810,402455
MEADWHL,439121,391345
DARNALL,439170,387687
SEABURN,439400,559600
SNDRMNK,439603,557588
SPDN,439700,335139
SNDRLND,439705,556910
STHS,439725,420132
MBRK,439900,112600
GARFRTH,440785,433540
THIRSK,441000,481570
SOTON,441327,112161
ALLENSW,441449,514558
FITZWLM,441475,415290
EGRFRTH,441565,433035
COMBE,441850,215060
SOTNTQ,441884,110798
SEAHAM,442080,549555
YAAM,442100,511145
EGLSCLF,442200,515100
ALFRETN,442300,356100
FTHRSTN,442475,420480
ROTHCEN,442590,393020
CASTLFD,442680,425490
HINCKLY,442700,293200
WDHOUSE,442850,385400
STDENYS,443130,113815
CSFD,443255,120655
HANDBRO,443273,214245
GLASHTN,443530,423825
BITERNE,443890,113380
WOLSTON,443904,111234
SWYTHLN,443910,115930
STOCTON,444156,519591
MCKLFLD,444450,432712
CATTAL,444640,455925
SHOLING,444760,111000
SOTPKWY,444836,117013
LGML,444960,346960
PTFTTSF,445070,422180
TABY,445275,518450
GLDTHRP,445645,404390
ELGH,445732,119071
BLTNODR,445745,402695
TRNO,445900,405600
PTFTMHL,446070,422730
MORTHRP,446100,411160
PTFTBHL,446100,421940
BNBR,446160,240427
SWINTN,446160,399060
WHTCHRH,446330,148915
NETLEY,446400,108585
BLNGHM,446625,523620
HAMERTN,447030,455825
NEWBURY,447205,166730
SHAWFD,447245,124965
HMBLE,447300,108200
MEXBRGH,447300,399600
SELMSAL,447430,411130
ILKES,447438,342704
WNCHSTR,447765,129984
LNGEATN,448040,332185
NEWBRYR,448252,166830
HEYFORD,448290,224750
TACKLEY,448450,220530
KVTNBDG,448890,382923
BURSLDN,448985,109585
KNTNGLY,449000,423600
KINSSTN,449439,236125
SMILFD,449482,432038
MDLSBRO,449564,520702
HEDGEND,449674,115000
EMPKWAY,449700,329700
KRKYCEN,450110,356138
OXFPWAY,450122,211963
OXFD,450477,206341
STTNPWY,450595,357700
SHBN,450640,433700
KVTNPK,450715,382470
CONBRGH,450900,399450
CHFN,450940,436980
RUGBY,451117,275937
HRTLEPL,451200,532700
JAMCOK,451288,517708
SETNCRW,451680,529540
SWNWICK,451750,108720
MCHLDVR,451772,142833
ATNBRO,451790,334585
OVTN,451790,150830
ULESKLF,451803,439995
MARTON,451950,516860
BOTLEY,452170,113260
NWSTEAD,452240,352810
CRWLL,452365,374410
DIDCOTP,452523,190507
APPLEFD,452542,193698
ISLIP,452600,214400
RDLEY,452603,198878
THATCHM,452752,166361
LGWITH,452875,370825
CULHAM,452915,195276
GYPSYLA,453200,515600
STHBANK,453310,521270
BESTON,453370,336220
SHRBROK,453370,367760
WHWLL,453425,376185
MFLDWSE,453460,363235
MFLDTWN,453715,360850
NUNTHRP,453850,515050
HUCKNAL,454020,349303
BULWELL,454040,345010
NARBRO,454090,297350
LOGHBRO,454335,320455
ADWICK,454375,408725
SHRKSKS,455515,381195
WHTBDGE,455670,422850
POPLTON,455940,453650
BTLYSY,456360,405590
FAREHAM,456971,106257
DONC,457125,403175
MIDGHAM,457305,166647
GTAYTON,457405,510830
REDCBSC,457410,524220
NTNG,457455,339195
BAROWOS,457820,317200
SHANKLN,458100,81900
CHOLSEY,458452,186039
WORKSOP,458545,379755
BCSTN,458550,223112
HENSALL,458560,422820
BCSTRTN,458675,221950
WGSTS,458770,298620
BTRSBY,458900,507300
LAKEIOW,459038,83308
LESTER,459300,304100
SNDOWN,459305,84467
RYDP,459361,93622
RYDE,459405,92920
YORK,459600,451700
RYDS,459631,91977
SMALBRK,459815,90504
ALDMSTN,460100,167345
REDCARC,460100,524960
SILEBY,460197,315255
GORASTR,460247,180642
KLDL,460480,509555
BRDING,460950,86877
REDCARE,461310,524200
KKSNDAL,461426,407872
PCHESTR,461749,105835
SELBY,461786,432235
NTHRFLD,461905,340845
CRTN,461980,341255
SYSTON,462113,311120
LNGBKBY,462400,266680
LONGBCK,462750,521990
PHBR,462973,100090
PANGBRN,463251,176664
MRSK,463500,521800
SSEACLE,463542,98803
BSNGSTK,463774,152529
PSEA,464164,100275
SNAITH,464250,422290
THEALE,464400,170900
BRTJYC,464490,343330
HTFLASF,464745,410680
RADNOT,464780,339478
FRATTON,465360,100050
BMLY,465518,159440
COSHAM,465765,105125
HILSEA,466385,103615
SBRN,466400,521400
COMONDL,466500,510030
MTIMER,467233,164110
LOWDHAM,467305,345910
TILHRST,467483,175173
THORNEN,468080,413770
CTNM,468370,508485
RAWCLIF,468720,421900
THORNES,469240,412370
THRGRTN,469695,348465
RTFD,470191,380318
REDGWST,470264,173430
RTFDLL,470400,380200
BINGHAM,470535,340160
DANBY,470685,508410
BDHMPTN,470781,106529
BLEASBY,470920,349865
WRESSLE,470990,431268
RDNG4AB,471528,173813
RDNGSTN,471529,173813
RDNGBUS,471543,173742
HAVANT,471781,106595
ALTON,472352,139697
HOOK,472520,153940
WRBLNGT,472800,106500
FISKRTN,473000,352000
HADMATP,473091,208549
RWLNDSC,473421,110816
ROLSTN,473830,352570
ASLCKTN,474130,339920
MRKTHRB,474170,287425
PTRSFLD,474387,123571
GOOLE,474414,423753
NMPTN,474759,260486
EMSWTH,474825,106325
HOWDEN,475215,430420
MLTNSDG,475280,318740
ERLY,475300,171900
LEALHLM,476220,507880
WNCFILD,476324,154546
HNLYOT,476380,182270
SBOURNE,476965,105985
ELTON,476990,340030
WINETGL,477160,171443
SHPLAKE,477640,179762
LISS,477712,127718
WARGRAV,478085,178289
WINERSH,478177,170740
GLAISDL,478330,505555
CROWLE,478380,411000
AYLSPWY,478641,215341
SLTMRSH,478655,425715
MALTON,478690,471360
NUTBORN,478740,105766
TWYFORD,479042,175787
BNTEY,479211,143053
NWRKCAS,479600,354300
PRINRIS,479964,202758
ESTRNGT,480034,429437
EGTON,480430,505380
NEWANG,480488,354510
WOKNGHM,480596,168657
MNKRISB,480937,204765
BOTESFD,481080,339260
BOSHAM,481246,105435
SUNDRTN,481311,198112
FLEET,481626,155260
AYLSBRY,481779,213470
GBROC,481900,389900
GBGHLRD,482000,388400
WLVR,482065,241508
CRWTHRN,482294,163735
LTLKMBL,482349,206620
GROSMNT,482800,505270
SNDHRST,483352,161550
FSHBORN,483530,105060
CLHM,483680,361500
GLBRDYK,483700,428700
ALTPE,483960,410625
STKM,483965,210603
LIPHOOK,484156,130905
MKNSCEN,484189,238029
FARNHAM,484446,146548
BCKWATR,485320,159875
MARLOW,485590,186512
OAKHAM,485690,309030
CHCHSTR,485890,104320
KETR,486411,278038
WENDOVR,486547,207750
ALDRSHT,486656,150424
SLEGHTS,486800,508120
SWNDRBY,486820,364390
FRBRMN,486850,156010
BLTCHLY,486859,233741
BRACKNL,486910,168969
HWYCOMB,486935,193053
FRIMLEY,487430,157717
CMBLEY,487573,160441
BRFT,487700,427910
FRBRNTH,487725,156630
FSTR,488245,234292
FURZEP,488294,182334
NTHCAMP,488600,153725
COOKHAM,488690,185060
MDNHEAD,488725,180745
MHERON,488820,168370
RUSWARP,489030,509180
CORBY,489160,288690
SAXILBY,489200,375300
ASHVALE,489273,153342
GTMSNDN,489300,201319
SCNTHRP,489400,410800
BORNEND,489456,187260
BOWBRKH,489604,234787
WTBY,489800,510800
HASLEMR,489802,132928
ASHH,489934,150834
WLNGBRO,490330,268120
LTNBZRD,491091,225024
BAGSHOT,491391,163627
GTHM,491400,335200
TAPLOW,491580,181340
ASCOT,492200,168300
CHDNGTN,492232,218549
WOBURNS,492458,236380
WANBRO,493100,150326
KRTNLND,493400,399600
BOGNORR,493415,99389
HYKEHAM,493615,367350
BROUGH,493870,426555
ASPLEYG,493944,236751
BCNSFLD,494004,191144
BNHAM,494008,181378
WITLEY,494850,137970
TRING,495087,212241
BRKWOOD,495200,156954
SUNNGDL,495206,166764
MLFORD,495406,141335
BRHM,495897,104367
AMERSHM,496379,198188
SEERGRN,496500,191030
RIDGMNT,496525,237375
WINDSEC,496590,176950
GDLMING,496622,143946
WSORAER,496852,177220
LINCLNC,497571,370888
FRNCMB,497600,145140
SLOUGH,497839,180157
LNGCROS,497897,166062
ANCASTR,498400,344375
FERRIBY,498570,425560
DATCHET,498740,176970
LDLNGTN,498936,239106
WRPLSDN,498938,155385
GUILDFD,499200,149600
BERKHMD,499336,208139
CHLFNAL,499647,197573
VRGNWTR,500115,167955
SUNYMDS,500160,175575
GERRDSX,500184,188785
SHALFD,500200,147100
FORD,500215,104280
LRDGFD,500264,150030
BRGG,500400,406900
WOKING,500660,158695
MLBRKB,500707,240510
EGHAM,501143,171073
LANGLEY,501300,179800
WRYSBRY,501400,174200
STWRTBY,501496,242222
ARUNDEL,502444,106417
LTLHMPT,502540,102180
KMPSTNH,502593,244819
CHRW,502597,196090
AMLY,502632,111812
DRIFILD,502700,457300
DENHMGC,502800,187900
HTNCRNS,502865,452220
BRTHMBR,502888,422510
HESSLE,502925,425685
STAMFD,502925,306650
CHLWTH,503130,147257
SEAMER,503260,483940
FLITWCK,503390,234980
HRLG,503456,230355
ARRAM,503520,444275
RAUCEBY,503710,344210
IVER,503730,179898
CHTSEY,503825,166390
BEVERLY,503860,439600
SCARBRO,503900,488300
STAINES,504150,171446
BEDFDM,504167,249744
WBYFLET,504200,161075
DENHAM,504214,187733
PULBRO,504285,118595
HEMLHMP,504300,205925
CLANDON,504560,152714
HTRWTM5,504938,175645
BESJOHN,505000,249015
HTRBUS5,505020,175780
CTTGHM,505100,432880
BNTBY,505400,409900
ADLESTN,505587,164866
RCKMNSW,505745,194597
BYFLANH,505854,162285
NAFERTN,505860,458450
WDRYTON,506120,180120
LEAGRVE,506145,224080
BARWHVN,506200,423530
APSLEY,506245,204874
ANGMRNG,506513,102979
ASFDMSX,506580,171947
SLEFD,506790,345420
HTRWAPT,507453,175848
WEYBDGB,507473,163651
WEYBDGE,507474,163651
HTRWCBS,507525,175815
MTHRNGH,507700,361400
HTRWTE4,507993,174516
KLGL,508000,202000
HTRWTM4,508100,174400
SHEPRTN,508153,167563
NHOL,508350,424080
WRUISLP,508370,186810
RSKNGTN,508660,350580
BILSHST,508803,125123
GOMSHAL,508915,147842
HULL,509200,428800
UHALIFD,509219,169395
HRSLEY,509223,154518
LUTON,509259,221604
HAYESAH,509714,179422
GOXHILL,509940,421310
HUNMNBY,510115,476660
SUNBURY,510119,169998
EFNGHMJ,510271,155892
WONT,510447,164956
GORNGBS,510477,103189
LUTOAPY,510533,220534
FELTHAM,510600,173300
KMPTNPK,510671,170307
MKTR,510715,388740
THABBEY,510930,418840
WATFJDC,511000,197300
WATFDJ,511040,197343
SRUISLP,511070,185440
WATFDHS,511359,196098
FILEY,511370,480690
WATFDN,511426,198664
BUSHYDC,511818,195340
CRPNDPK,511818,193404
BUSHEY,511858,195322
GRSTH,511965,199890
DRNGTOS,512000,103200
HERSHAM,512155,165425
CBHMSDA,512341,158897
ULCEBY,512490,414970
STHALL,512627,179804
BOOKHAM,512784,155640
HTCHEND,513065,191325
HAMPTON,513300,169803
WWRTHNG,513300,103320
BCWD,513482,202017
HRPNDN,513735,214175
NTHOLTP,513827,185570
HEDSTNL,513870,190590
HOUNSLW,513870,174935
OXSHOTT,514172,160973
WHTTON,514220,173570
HOWWOOD,514449,203409
WORTHNG,514484,103362
STALBNA,514526,206414
HABRO,514600,413560
HCKNGTN,514650,343580
ESHER,514696,165824
PKST,514733,204274
CHRSTSH,514800,129200
GFORD,514810,183900
FULWELL,514830,171840
CLYGATE,515097,163755
HAROOTH,515314,188012
HCRT,515376,168361
HANWELL,515390,180520
HROW,515465,189460
HROWDC,515465,189461
SDBRYHH,515465,185710
SGFORD,515465,182960
STRWBYH,515520,172415
STALBCY,515549,207076
HNCHLYW,515600,165300
ISLEWTH,515600,176400
TDITTON,515660,166870
CBARPAR,515850,181765
DRAYGRN,515960,181065
EWRTHNG,515975,103745
DRKGW,515987,149869
TEDNGTN,516019,170815
TWCKNHM,516115,173660
LETHRHD,516300,156840
SYONLA,516420,177200
RADLETT,516427,199832
OCKLYAC,516477,140455
WEALING,516666,180735
KTON,516710,188335
BOXHAWH,516744,151865
STMGTS,516810,174255
SDBRYHR,516885,185290
DEPDENE,517051,150180
DORKING,517073,150417
WARNHAM,517083,133948
SKENTON,517330,187060
HAMWICK,517450,169740
BNTFORD,517460,177865
HLMW,517465,143780
NWEMBLY,517660,186220
SNDY,517765,248773
HORSHAM,517865,130980
CHSSS,517900,163300
BRDLNGT,517930,466857
EALINGB,517938,180913
ASHD,518040,159000
RICHMND,518085,175155
RICHNLL,518095,175165
SURBITN,518100,167300
LNCG,518200,104400
WMBY,518210,185090
WMBYDC,518211,185090
KGSTON,518242,169561
CHSSN,518400,164145
LHVN,518621,132520
PBRO,518700,298900
WEMBLSM,518955,185340
BEMPTON,519000,471730
KEWBDGE,519020,178120
NSHEEN,519030,175410
ARLSEY,519045,237820
ELTR,519080,196320
KEWGRDN,519195,176740
BIGLSWD,519241,244351
HITCHIN,519433,229734
NRBITON,519435,169545
STNBGPK,519660,184210
BRLANDS,519700,168070
STNEOTS,519790,260710
GNRSBRY,519835,178380
TOLWTH,519845,165605
SACTON,520170,179280
SBROUGH,520330,411590
ACTONML,520360,181230
CHISWCK,520380,177220
MRTLKE,520465,175770
ACTNCTL,520645,180295
EPSM,520700,160900
HARLSDN,520940,183370
BTCHWTH,521052,151317
MALDENM,521090,166510
MLHB,521320,191925
NEWMLDN,521410,168670
BNSBDGE,521460,176230
EWELW,521480,162660
LTCE,521712,232758
FAYGATE,521728,134388
SHRHMBS,521800,105300
SWSHEAD,521840,342920
WLSDJHL,521860,182970
HEALING,521870,411040
WLSDNJL,521950,182920
STLEIGH,522024,164159
HDON,522140,188270
BARNES,522200,175700
WRCSTRP,522220,166150
EWELLE,522569,162158
MOTSPRP,522575,167710
TATNHMC,522590,158140
EPSDNS,522806,159759
TADWTH,523100,156200
RAYNSPK,523190,169280
KENSLG,523215,182785
HATFILD,523240,208750
HNTNGDN,523300,271600
STEVNGE,523448,224090
KENR,523560,183240
WELHAMG,523653,205697
SHPDSB,523799,179989
GTCOATS,523900,410420
WLWYNGC,523933,212903
CRKLWD,524000,185910
PUTNEY,524000,175100
BRKMNPK,524119,204007
BRBYPK,524225,183940
WIMLCHS,524310,169350
STHWICK,524323,105147
KENOLYM,524325,179180
SPALDNG,524390,322840
CHEAM,524447,163336
BALDOCK,524540,234264
BANSTED,524588,160432
QPRK,524600,183200
WLWYNN,524697,215420
BRBY,524755,184450
WIMBLDN,524810,170666
WDON,524811,170666
KGWD,524815,156585
KNEBWTH,524908,220250
SMERTON,524945,168635
POTRSBR,525010,201359
WSUTTON,525045,164505
IFIELD,525053,136663
MORDENS,525360,167880
WBRMPTN,525380,178000
SHLIER,525425,167190
WHMPSTM,525472,184836
KLBRNHR,525475,183590
REIGATE,525476,150730
FSHRSGT,525483,105366
WHMDSTD,525520,184725
BELM,525545,162065
SUTTONC,525635,165525
WDWTOWN,525970,175120
HYDNSRD,526020,171160
SUTTON,526034,163826
ERLFLD,526050,173040
FNCHLYR,526070,185050
HADLYWD,526225,198210
CSEAH,526300,176675
SHMPSTD,526390,184075
PSLDAWH,526471,105551
NBARNET,526500,196000
PADTON,526648,181251
GRMSBYT,526800,409125
HBRTBDG,526970,343670
OKLGHPK,527000,194800
CRAWLEY,527029,136332
CLPHMJ2,527200,175500
CLPHMJC,527201,175500
CLPHMJM,527202,175500
CLPHMJW,527203,175500
CLPHMJ1,527205,175500
HMPSTDH,527265,185630
GRMSBYD,527520,410357
CRSHLTB,527531,163627
MARYLBN,527550,182000
WHTLSEA,527640,296293
CHSD,527685,158275
WANDCMN,527730,173510
CRSHLTN,527739,164861
EARLSWD,527820,149160
TOOTING,527950,170585
ALDTON,527984,105666
REDHILL,528128,150600
MITCHMJ,528270,167600
GOSPLOK,528300,185670
ESTFLDS,528445,169250
SALFDS,528473,146330
BALHAM,528500,173200
NEWCLEE,528500,410390
HKBG,528580,165930
KNTSHTW,528610,184700
HORLEY,528665,142666
NEWSGAT,528670,192220
GTWK,528700,141300
WDMNSTR,528720,159385
BATRSPK,528745,176960
THBDGS,528800,136900
QTRDBAT,528810,176740
WALNGTN,528843,163991
VICTRIC,528900,179000
VICTRIE,528901,179000
HOVE,528912,105559
KNTSHTN,529035,185150
MERSTHM,529155,153291
CMDNRD,529175,184185
WNDSWRD,529390,176226
EUSTON,529545,182675
WATONAS,529610,219210
STRHCOM,529710,170505
UPRHLWY,529750,186630
ASHWELC,529770,238615
CLPHHS,529820,175710
COLSDNS,529870,159060
PRSP,529975,106779
STPXBOX,529990,183135
STPX,530000,183160
STRETHM,530000,171300
STPADOM,530050,183175
COLSTWN,530091,159756
CHRX,530235,180455
BOWESPK,530245,191470
STRHILL,530270,172685
ALEXNDP,530295,190460
KNGX,530300,183000
HASOCKS,530404,115543
VAUXHLM,530430,178030
VAUXHLW,530431,178030
NUTFILD,530495,149170
CROUCHH,530585,187505
CLTHRPS,530630,409060
BALCOMB,530670,130115
CLDNNRB,530695,184363
CUFFLEY,530700,202800
NORBURY,530710,169720
REEDHMS,530835,160785
HRNSY,530900,189200
PALMRSG,530915,192745
CRHL,530970,200110
BRGHTN,531000,104920
WATRLMN,531060,179950
BRIXTON,531100,175500
WADDON,531155,164830
BRGHLRD,531315,105780
WLOE,531350,180044
FNPK,531358,186746
HRGY,531400,188200
DRYP,531445,185465
PURLEY,531470,161520
WNMHILL,531530,194500
BAYFORD,531537,208274
FRNDNLT,531560,181840
HGHI,531585,184735
HIGHBYA,531585,184725
BURGESH,531625,118805
HFDN,531681,212856
CTMSLNK,531690,181150
BLFR,531714,180914
GRPK,531750,195470
TULSEH,531800,172910
GORDONH,531880,197780
HRGYGL,531885,188193
WNORWOD,531910,172010
LBGHJN,531925,175855
HERNEH,531955,174410
WVLSFLD,532060,120000
ELPHNAC,532085,178945
ESSEXRD,532120,184140
WCROYDN,532150,166083
ENFC,532180,196666
THTH,532250,168350
BOSTON,532301,344118
CNNB,532380,185040
KNLY,532420,160120
PURLEYO,532500,162600
RDLSDWN,532505,160980
MLSECMB,532530,106930
CANONST,532620,180890
MRGT,532693,181683
OLDST,532700,182500
WDULWCH,532750,173030
DENMRKH,532810,176090
SCROYDN,532830,164380
ECROYDN,532841,165770
SDSD,532857,162747
LNDNBDC,532930,180190
LNDNBDE,532930,180200
NDULWCH,532950,174570
ENFLDTN,532970,196550
HERTFDE,532980,212910
HYWRDSH,533045,124630
SELHRST,533105,167610
LIVST,533216,181641
GIPSYH,533321,171235
STMFDHL,533380,187930
FENCHRS,533410,180940
EDULWCH,533440,175360
SEVNSIS,533455,188800
DALSKLD,533525,185005
SYDNHMH,533540,172160
HAGGERS,533555,183955
DALS,533570,184780
HOXTON,533575,183155
SHRDHST,533629,182251
STKNWNG,533670,186910
STOTNHM,533680,188595
WHHRTLA,533690,191340
BHILLPK,533700,195400
BRUCGRV,533795,190110
WHYTELF,533841,158508
SIVRST,533916,192420
NORWDJ,534000,168200
RCTRYRD,534010,186170
UWRLNGH,534068,158353
CATERHM,534120,155420
CRYSTLP,534120,170550
WHYTLFS,534155,157785
PCKHMRY,534190,176330
PKHMRYC,534191,176330
EDMNGRN,534310,193570
TTNHMHL,534500,189500
HAKNYNM,534555,185100
ANERLEY,534605,169900
FAMR,534700,108700
BTHNLGR,534715,182340
WCHAPEL,534715,181845
CLAPTON,534780,186540
LONFLDS,534790,184260
SBURY,534840,196230
CAMHTH,534850,183240
NMBRLPK,534875,191030
HACKNYC,534890,184925
SHADWEL,534935,180940
PENEW,534940,170510
PCKHMQD,535020,176745
WAPPING,535025,180175
TURKYST,535130,198900
SBRMNDS,535160,178370
ANGELRD,535200,192200
RTHERHI,535305,179785
BIRKBCK,535335,169000
SYDENHM,535370,171600
ROYSTON,535387,241247
NUNHEAD,535390,176005
PNGEE,535395,170720
FORESTH,535410,172940
CNDAW,535475,179475
SURREYQ,535642,178946
ELMERSE,535780,168411
BLCHSRD,535800,189345
HOMRTON,535840,184940
HONROPK,535910,174145
THBLDSG,535927,201128
WLDNGHM,535940,156360
WARE,535998,213984
KENTHOS,536040,169945
PNDRSEN,536060,195545
LIMHSE,536120,181111
LEABDGE,536176,187123
NEWXGEL,536189,176950
NEWXGTE,536190,176950
GODSTON,536277,148357
BRIMSDN,536315,197035
CLOCKHS,536370,169550
STJMSST,536393,188735
BROCKLY,536420,175790
PLMPTON,536420,116148
ENFLDLK,536427,198745
CFPK,536520,174740
WALHAMX,536521,200321
CHESHNT,536647,202307
NBCKNHM,536720,170470
NWCRELL,536739,177100
NWCROSS,536740,177100
LSYDNHM,536830,171370
WLTHQRD,537020,188810
HACKNYW,537060,184572
DEPTFD,537160,177390
CATFORD,537260,173560
WLTWCEN,537295,188975
CATFBDG,537365,173600
BCKNMJC,537380,169865
BCKNHMJ,537395,169850
BROXBRN,537403,207228
EDPK,537420,167520
STJOHNS,537435,176345
LDYW,537730,174890
MELDRTH,537730,245500
BELNGHM,537780,172295
BCKNHMH,538040,171375
LEWISHM,538050,175950
GNWH,538060,177335
SMARGRT,538131,211803
LEYTNMR,538150,187530
STFODOM,538175,184760
WWICKHM,538276,166565
RYEHOUS,538488,209762
WDST,538490,189415
STFD,538557,184444
HGHMSPK,538575,191840
RBRN,538655,170235
EGRNSTD,538800,138200
HTHRGRN,539000,174455
MAZEH,539175,177865
MRYLAND,539183,184927
SHPRTH,539190,248150
CHINGFD,539200,194610
WHAMHL,539210,182970
LYTNSHR,539310,186875
OXTED,539317,152862
OXTEDBY,539318,152862
SHRTLND,539330,169320
LINGFLD,539400,143800
BLKHTH,539640,176005
DORMANS,539662,141508
HRSTGRN,539970,151380
LEEE,540010,174230
HAYS,540030,166060
COKSBDG,540077,113474
WCOMBEP,540245,178070
BROMLYN,540380,169630
BROMLYS,540430,168702
FRSTGT,540458,185335
WNSTDPK,540580,185590
ROYDON,540582,210496
GRVPK,540640,172145
SNDP,540673,170245
FOXTON,540885,248760
KIDBROK,540945,175632
CRLN,541130,178385
LEWES,541621,109830
WDGRNPK,541850,185355
MRCH,541857,297838
MANRPK,541973,185716
ELMW,542250,170660
BICKLEY,542370,168770
MOTNGHM,542580,173240
ELTHAM,542700,174960
WOLWCDY,542740,178910
SESARDM,543100,105490
CHSLHRS,543200,169400
ILFORD,543570,186500
WOLWCHA,543754,178803
NWELTHM,544010,173040
EDNB,544040,147487
BARKING,544410,184340
PETSWD,544440,167550
EDNT,544522,146571
FALCNWD,544553,175403
HRLWTWN,544626,211232
PLMS,544800,178820
NEWHVNT,544924,101489
NEWHVNH,544943,100926
SVNKNGS,545455,187100
ORPNGTN,545505,165875
GLYNDE,545790,108670
WELLING,546090,176075
CAMBDGE,546195,257245
SIDCUP,546335,172640
GODMAYS,546400,187300
SHELFD,546516,252219
HEVER,546530,144550
STMRYC,546640,168295
BSSN,546930,99908
CHLSFLD,546950,164020
HRLWMIL,547160,212340
TCULVRT,547275,360695
UCKFILD,547295,120905
ABWD,547374,179035
CAMBNTH,547531,260670
CHDWLHT,547650,187610
COWDEN,547658,141714
ALBNYPK,547855,172860
MANEA,547928,291110
SEAFORD,548178,99131
BXLYHTH,548320,175995
WTLESFD,548420,247240
KNCKHLT,548500,162900
DGNHMDC,548975,182980
SBDGWTH,549019,215064
BSHPSFD,549155,220894
BEXLEY,549380,173435
BELVEDR,549515,179215
BXTD,549688,123341
WAINFLT,549700,358770
WATBECH,550020,264955
BRNHRST,550115,176210
GTCHSFD,550478,242429
ASHURST,550726,138801
SWLY,551016,168271
ERITH,551130,178100
ROMFORD,551389,188476
STANMFC,551440,224830
DTNG,551454,157500
CRFD,551510,174395
AUDLEYE,551600,236300
PNSHRST,551957,146480
RNHAME,552095,182030
NEWPRTE,552231,233584
HAVENHS,552240,359890
SLADEGN,552248,176588
SVNOAKS,552267,155340
SHRMKT,552587,161510
BERWICK,552603,106774
GIDEAPK,552940,189310
BATABAL,553100,156800
OTFORD,553200,159407
ELSENHM,553321,227014
CBGH,553472,129725
EYNSFD,553565,164934
EMRSPKH,553965,187865
ERIDGE,554271,134488
DARTFD,554314,174378
ELYY,554350,279440
LEIGHK,554555,146175
HRLDWOD,554785,190575
PURFLET,555417,178156
FRNNGRD,555595,169330
HLDNBRO,555680,148500
STANAIR,555683,223530
UPMNSP6,556130,186870
UPMNSTR,556130,186860
SKEGNES,556230,363215
KEMSING,556784,157738
STCR,557394,174913
LTLPORT,557480,287460
POLGATE,558238,104813
TUNWELL,558428,139207
GNHT,558545,174842
TONBDG,558789,146027
CHADHDD,558920,178770
OCKENDN,559003,182828
BRTWOOD,559315,193035
HBROOMS,559378,141370
LGFD,560129,168857
DOWNHAM,560300,303330
SWNSCMB,560582,174761
HMPDNPK,560733,102125
FRANT,560739,136362
BORWGAW,560898,157424
EBOURNE,560959,99124
WATLGTN,561240,311050
GRAYS,561340,177810
SHENFLD,561349,195022
EBSFDOM,561394,174108
NRTHFLT,561621,174435
DULNGHM,561832,258575
WADHRST,562150,133004
KLYNN,562301,320076
WHORNDN,562320,188048
TLBYTWN,563626,176337
PVNSYAW,563868,104381
MEOPHAM,564100,167900
SPHL,564174,284098
NWMKET,564400,262700
GRVSEND,564577,174029
INGTSTN,564982,199165
PVNSYBY,565137,104606
SOLEST,565583,167583
SNGT,565892,127169
PKWD,567079,145272
BILERCY,567500,195000
ETILBRY,567634,178969
BLTRNAB,568000,147800
LAINDON,568118,188190
SLEHOPE,568227,182276
NRMNSBY,568385,105672
YALDING,568526,150241
WMALING,568739,157543
WTRNGBY,569160,152850
KENNETT,570002,267267
EMALING,570200,156900
HALG,570347,164326
BASILDN,570368,188330
CHLMSFD,570552,207068
SNODLND,570660,161860
CODNBCH,570992,106566
NWHYTHE,571190,159960
ETCHNGM,571431,126301
CXTN,571435,166750
HIGM,571556,172613
AYLESFD,572017,158687
LAKNHTH,572390,286293
BARMING,572970,156891
CTNG,573153,107296
RBRTSBD,573380,123515
EFARLGH,573484,153607
PITSEA,573828,187585
STROOD,574027,169356
MARDEN,574375,144725
BEXHILL,574495,107536
WIKFORD,574512,193694
RCHT,574771,168157
MSTONEB,575440,156115
BATTLE,575470,115569
CHATHAM,575547,167608
MSTONEW,575592,155374
MSTONEE,575949,156206
CRWHRST,576028,112879
BRAINTR,576093,222736
BRAINFP,576925,222100
GLNGHMK,577520,168365
CRESING,577648,220224
BTLSBDG,577665,194895
BENFLET,577733,185893
SPHS,578392,144450
BNDON,578447,287245
WSLE,578878,109033
HFLPEVL,578910,212200
WNOTLEY,578934,218775
BSTD,579882,156119
RAYLEGH,580207,191029
STLNRWS,580300,109365
WDHAMFR,580420,197735
HASTING,581450,109650
RAINHMK,581878,166263
WITHAME,582047,215219
OREE,582458,110693
LHONSEA,583200,185790
HBRN,583430,155060
DOLEHAM,583550,116480
HEADCRN,583800,144000
THOK,583835,114545
HOCKLEY,584237,192762
BSTEDMS,585300,265200
CHLKWEL,585303,185582
FAMBDGE,585622,197826
NEWNGTN,585914,164965
KELVEDN,586264,219241
HRSM,586620,152910
WCLIFF,586756,185481
THETFD,586770,283670
ROCHFD,587325,190445
STHEAIR,587569,189000
SUDBURY,587723,241073
PRITLWL,588033,187015
STHVIC,588128,185997
STHCENT,588162,185503
LENHAM,589130,151850
STHNDE,589547,185767
CHPWKSC,589770,228860
WINCHLS,589974,118401
BURES,590310,233920
ALTHORN,590524,197929
KMSLY,590526,166148
STNGBRN,590564,163871
SWALE,591234,169158
QUENBRO,591300,172100
THOPBAY,591627,185689
MRKSTEY,591668,223925
SHRNSOS,591810,174950
THUSTON,591823,265030
RYEE,591895,120543
PLUCKLY,592221,143279
SHBRYNS,593986,185044
BRNMONC,594842,196511
CRNG,595005,149132
TEYNHAM,595666,163108
SMINSTR,596190,199566
APDR,597566,129760
HRLNGRD,597770,287950
ELMSWEL,598970,263980
CLCHSTR,599100,226417
CLCHRTN,600000,224865
HMST,600090,133770
ASHFKY,601282,142204
CLCHHYT,601570,224837
FAVRSHM,601585,160924
ECLR,601820,290030
WIVENHO,603670,221680
WYEE,604813,146943
STWMRKT,605160,258850
ATTLBON,605177,295033
SELLING,605210,157242
ALRESFD,606525,221515
CLMN,607800,153700
NEEDHAM,609110,254880
MANNGTR,609374,232220
SPONRRW,609430,297491
CHARTHM,610683,155227
GTBNTLY,611198,221460
WHSTBLE,611286,166424
WYMNDHM,611423,300965
MISTLEY,611884,231722
DISS,612730,279660
WENHNGR,612825,137240
CHSW,613615,166817
CNTBW,614552,158395
CNTBE,614645,157285
WEELEY,614657,221756
SDLG,614806,136811
IPSWICH,615700,243800
SHRGHAM,615810,343050
WSTRFLD,617025,247243
HRNEBAY,617130,167450
CLACTON,617600,215300
STURRY,617746,160401
THPLESK,617845,221285
WRABNES,618095,231530
WRUNTON,618200,342500
DERBYRD,618320,243910
BEKSBRN,618942,156029
FLKSTNW,620985,136428
CMER,621410,342040
KIRBYX,621566,220753
RGHTNRD,621940,340720
FLKSTNC,622084,136286
ADISHAM,623391,153976
FRINTON,623525,220426
PRKSTON,623803,232649
NRCH,623900,308400
ALSHAM,624182,152457
SNWDNAN,624537,151141
WONNAZE,625170,221445
GUNTON,625523,335128
DOVRCRT,625597,231777
SWELL,625800,148200
HARWICH,625987,232397
WODBDGE,627380,248760
TRIMLEY,628080,236100
NWALSHM,628160,329740
MELTON,628710,250380
KSNY,628938,143992
SALHOUS,629370,314050
WORSTED,629690,325415
BCNGNOS,629849,169444
FLXSTOW,630250,235146
WROXHAM,630280,318550
MINSTER,631192,164122
DOVERP,631380,141464
BRUNDLG,631470,308340
WESGTOS,632400,170000
WCKHMMR,632605,255760
BRUNDAL,632904,307967
SWCH,633258,157613
MMIL,634155,146600
MARGATE,634720,170550
BUCKNHM,635120,305650
LGWOOD,636317,308423
WALMER,636410,150340
RAMSGTE,637348,165700
DEAL,637424,152584
CNTLEY,638140,303680
SXMNDHM,638520,263150
DUMPTNP,638670,166307
HALSWTH,638868,277868
BRSR,639131,167997
ACLE,639900,310000
DARSHAM,640480,269720
BRAMPTN,641200,283400
RDHAMN,641350,302250
BECCLES,642600,290500
HADISCO,645842,298493
BRNYARM,646000,305300
SMRLYTN,647930,296530
OULTNBS,651920,292205
YARMTH,652000,308100
OULTNBN,652420,293140
LOWSTFT,654747,292890
